seq,ineq,en
GIAPLQLGK,=,1.4771212547196624
GIHHPSNSK,=,2.6324572921847245
NIQFTAVGK,=,2.2600713879850747
SIIPSGPLK,=,-0.1549019599857432
SIIPSGPLK,=,1.6434526764861874
MVLASTTAK,=,0.6334684555795865
MVLASTTAK,=,2.2278867046136734
WILDRLFFK,=,0.8808135922807914
KSMREEYRK,=,1.8750612633917
PVTIGECPK,=,0.414973347970818
GTKVVPRGK,=,1.8573324964312685
AVFIHNFKR,=,0.5185139398778874
AIFQSSMTK,=,0.8260748027008264
AADKAAAAY,>,4.0
ALAAAAAAK,=,1.5185139398778875
ALAKAAAAV,>,4.0
ATAAAAAAK,=,1.6020599913279623
ATAKAAAAY,=,1.8864907251724818
ATDKAAAAY,=,2.9242792860618816
AYAKAAAAF,>,4.0
ATGFKQSSK,=,1.9867717342662448
INKEEALQR,>,4.477121254719663
KQSSKALQR,=,2.436162647040756
ALAETSYVK,=,1.2148438480476977
LTQDLVQEK,=,1.1903316981702914
LVQEKYLEY,=,2.0464951643347082
SLFRAVITK,=,0.3424226808222063
SVMEVYDGR,=,0.6532125137753437
TSYVKVLEY,=,2.66029616027073
TTINFTRQR,=,0.7708520116421442
TTINFTRQR,=,0.724275869600789
ARLYGIRAK,>,3.6989700043360187
AVDLSHFLK,=,0.7323937598229685
AVDLSHFLK,=,0.6989700043360189
EADPTGHSY,>,3.6989700043360187
ELRSRYWAI,>,3.6989700043360187
GILGFVFTL,>,3.6989700043360187
ILKEPVHGV,>,3.6989700043360187
IVTDFSVIK,=,1.3424226808222062
IVTDFSVIK,=,1.255272505103306
KPIVQYDNF,>,3.6989700043360187
KRYEGLTQR,>,3.6989700043360187
LLGRNSFEV,>,3.6989700043360187
RRYQKSTEL,>,3.6989700043360187
SRYWAIRTR,>,3.6989700043360187
WLSLLVPFV,>,3.6989700043360187
ASFDKAKLK,=,1.1795517911651876
KVVNPLFEK,=,0.9084850188786497
RTQNVLGEK,=,1.4913616938342726
SVLNLVIVK,=,0.8413594704548549
AVCTRGVAK,=,2.380211241711606
EVFCVQPEK,=,2.342422680822206
SVPAEILRK,=,1.1139433523068367
AVNHYFKTR,=,1.7853298350107671
CALPFTSAR,=,2.499687082618404
GSTHVSWPK,=,0.4913616938342727
HLYPVARQR,=,3.4881274962474587
IMPARFYPK,=,0.6127838567197355
ISYPPLHER,=,2.330413773349191
IVIWGKTPK,=,1.2041199826559248
KTSERSQPR,=,1.9722028383790644
KTSERSQPR,=,1.5797835966168101
KVFVLGGCR,=,1.863322860120456
KVFVLGGCR,=,0.8129133566428556
LACAGLAYK,=,2.315970345456918
LMQGSTLPR,=,1.7634279935629373
LVKSPNHVK,=,1.9344984512435677
MTKILEPFR,=,2.5774917998372255
NVSIPWTHK,=,2.0211892990699383
QLFTFSPRR,=,2.2600713879850747
QTNFKSLLR,=,2.1398790864012365
QTNFKSLLR,=,1.146128035678238
RAKWNNTLK,=,2.27415784926368
RLADEGLNR,=,2.3891660843645326
SVLEVFEGR,=,1.6434526764861874
TTINYTLWR,=,0.6989700043360189
TTINYTLWR,=,0.7403626894942439
VLRENTSPK,=,2.6646419755561257
VVFGILIKR,=,0.9030899869919435
YLAWVPAHK,=,2.0253058652647704
YTKVVHYRK,=,2.0170333392987803
KVGNFTGLY,=,2.6324572921847245
PVNRPIDWK,=,1.6334684555795864
SAICSVVRR,=,1.462397997898956
SAICSVVRR,=,1.4683473304121573
TLWKAGILY,=,3.8750612633917
VVDFSQFSR,=,1.9030899869919435
ALFFIIFNK,=,0.3424226808222063
FLKENKLNK,=,3.574031267727719
GTGSGVSSK,=,1.6020599913279623
GVSENIFLK,=,0.6989700043360189
KILSVFFLA,=,0.505149978319906
KLRKPKHKK,>,4.0
KSLYDEHIK,=,2.3636119798921444
LLACAGLAY,=,3.6989700043360187
LLIFHINGK,=,2.7867514221455614
RGDNFAVEK,=,2.0211892990699383
RINEEKHEK,=,1.6020599913279623
SLLSTNLPY,=,2.5477747053878224
SLYDEHIKK,=,0.9344984512435677
VLSHNSYEK,=,1.2787536009528289
VLYNTEKGR,=,3.499412125672275
AAFQSSMTK,=,0.7075701760979364
AIAQSSMTK,=,1.0791812460476249
AIFASSMTK,=,0.6334684555795865
AIFQASMTK,=,1.0
AIFQCSMTK,=,0.3222192947339193
AIFQRSMTR,=,0.9684829485539351
AIFQSAMTK,=,0.9590413923210935
AIFQSSATK,=,0.6334684555795865
AIFQSSMAK,=,0.8325089127062363
AIFQSSMTA,=,2.583198773968623
AIFQSSMTR,=,1.2041199826559248
AIFQSSMTT,>,4.0
AIFQSSMTY,=,0.6989700043360189
AILQSSMTR,=,1.4313637641589874
AKFQSSMTK,=,3.9542425094393248
ANFQSSMTK,=,1.3424226808222062
AYFQSSMTK,=,2.869818207979328
FIFQSSMTK,=,0.6127838567197355
GIFQSSMTK,=,0.724275869600789
SIFQSSMTK,=,0.3010299956639812
LLGPGRPYK,=,0.9444826721501687
LLGPGRPYR,=,2.8169038393756605
MSLQRQFLR,=,0.919078092376074
ALLAVGATK,=,1.6020599913279623
ALNFPGSQK,=,0.6627578316815741
LGFGAYMSK,=,1.3159703454569178
LGFGAYMSK,=,1.3222192947339193
LIFCHSKKK,=,1.4996870826184039
LIFCHSKKK,=,1.0453229787866574
RLGVRATRK,=,0.8061799739838872
RLGVRATRK,=,0.7781512503836436
VAGALVAFK,=,0.8260748027008264
VAGALVAFK,=,0.8450980400142568
HLFGYSWYK,=,0.38021124171160603
GTATLRLVK,=,0.6627578316815741
GTQCALTRR,=,1.4955443375464486
LVHFLLLKY,=,2.619823500457278
QTSAGHFPR,=,1.2068258760318498
SIFEQWLRR,=,0.6627578316815741
VVLASLIYR,=,0.5563025007672873
MAVFIHNFK,=,1.3010299956639813
MVHQAISPR,=,1.9523080096621253
NTPVFAIKK,=,2.0
TIKIGGQLK,=,2.2595938788859486
TLFCASDAK,=,1.0530784434834197
ALERLLSLK,=,2.56702636615906
ALKISQLQK,=,1.9822712330395684
AVIFTPIYY,=,1.0
AVSEIQNNK,=,1.0413926851582251
EQRLPLLPK,=,2.8836614351536176
FISFYLINK,=,0.9542425094393249
FSYDLRLNK,=,0.6901960800285137
GTMYILLKK,=,0.07918124604762482
HLNIPIGFK,=,0.11394335230683679
IALLIIPPK,=,2.03342375548695
IFLRFIPDK,=,3.1055101847699738
ILCIEGEQK,=,2.8068580295188172
KINSNFLLK,=,0.8061799739838872
KSMLKELIK,=,2.1789769472931693
KTMNNYMIK,=,0.7403626894942439
LFDKDTFFK,=,2.2227164711475833
LLYILFLVK,=,2.315970345456918
MQSSFFMNR,=,0.04139268515822508
PLFNNFYKR,=,3.2764618041732443
PVLTSLFNK,=,1.3979400086720377
PVVCSMEYK,=,1.9030899869919435
QMMNVNLQK,=,0.8450980400142568
RFYITTRYK,=,1.8260748027008264
SISGKYDIK,=,1.6989700043360187
TTRYKYLNK,=,2.9283958522567137
VVCSMEYKK,=,1.7323937598229686
YLFNQHIKK,=,0.8920946026904804
YLINKHWQR,=,2.829946695941636
YQNFQNADK,=,2.247973266361807
ASQIYAGIK,=,1.255272505103306
GIPHPAGLK,=,1.5440680443502757
TTDLEAYFK,=,0.8129133566428556
LSTNLPYGK,=,0.9344984512435677
LSTNLPYGK,=,1.845098040014257
ATQIPSYKK,=,2.1072099696478683
VVLQQHSIA,=,4.891537457672564
SFQQPQQQY,=,4.891537457672564
SFQQPLQQY,=,3.9745116927373285
AIILHQQQK,=,1.5820633629117087
QQQQQQQQK,=,2.926856708949692
QQHNIVHGK,=,2.960946195733831
NVVHAIILH,=,4.631443769013172
MCNVYIPPY,=,3.72916478969277
SQVLQQSTY,=,4.623249290397901
PQIQLTITR,=,4.891537457672564
PQIQLTITR,=,3.934498451243568
SQLSLSMAR,=,2.5171958979499744
SQLSLSMAR,=,4.187520720836463
FLKEQHCQK,=,4.187520720836463
SQMLLIVLK,=,-0.2984320149440726
LLNSNALLR,=,2.346352974450639
LLRALRLTK,=,3.586587304671755
ALIRATSTR,=,3.357934847000454
ATSTRHPSK,=,0.9912260756924949
STRHPSKLR,=,3.506505032404872
SLCFLLTQK,=,1.3560258571931227
SFNHVLKRK,=,3.2528530309798933
ACRCGRFQK,=,3.7101173651118162
AVAKCNLNH,=,2.361727836017593
FFTTSLFLH,>,4.891537457672564
FFTTSLFLH,=,4.891537457672564
KGLGHDFLR,=,4.563481085394411
KGLGHDFLR,=,4.562292864456475
KTAVNMLTH,=,2.3344537511509307
TNFESFTVK,=,3.1583624920952498
ACNKIKGKK,=,4.278753600952829
LMSIISTFH,=,4.049218022670182
SGCYIHFFR,=,1.7543483357110188
MVNHSTYYV,=,2.7708520116421442
RALKYDFNH,=,3.640481436970422
RALKYDFNH,=,3.639486489268586
DNQKLSYLK,=,4.726727209026572
DNQKLSYLK,=,4.725911632295048
KCLNIMLGK,=,3.591064607026499
KCLNIMLGK,=,2.8312296938670634
KTLQNDSKH,=,4.079181246047625
HPNIEEVAL,=,4.891537457672564
ATDALMTGY,=,1.2922560713564761
HSKKKCDEL,=,4.571708831808688
HSNIEEVAL,=,4.891537457672564
ATDALMTGF,=,4.02938377768521
HSKKKCDDL,=,4.891537457672564
HSKRKCDEL,=,4.891537457672564
SLVLGVNEK,=,2.2095150145426308
ALSTNHGHK,=,2.791690649020118
IAYRNVLLR,=,2.1522883443830563
VLLRKNGNK,=,3.220108088040055
KFVFPLNSK,=,3.103803720955957
KVIQPRVEK,=,0.884795363948981
CVFAYVGCY,=,4.439332693830263
GVIRSIFAR,=,-0.20901152491118416
LSAGVEFLK,=,-0.7670038896078462
IAQSKGLYR,=,2.3502480183341627
QLQLLMPLK,=,1.1553360374650619
LLMPLKAPK,=,1.0755469613925308
ATNNVFRLK,=,0.7626785637274363
TVWEVQGYK,=,-0.12090412049992724
LLSGHNLAK,=,1.9585638832219674
LLFADINGK,=,0.9449759084120479
RAIMATIQR,=,1.9585638832219674
AIMATIQRK,=,0.6803355134145632
TVSLAGSYR,=,0.8813846567705729
SLLSLREVK,=,1.3263358609287514
TLDESFLGR,=,2.8254261177678233
YMSALNHTK,=,1.6848453616444126
ALNHTKKWK,=,3.751279103983342
ALILAYSNK,=,1.2922560713564761
MSAPPAEYK,=,-0.023191662661933767
ITAKETLYR,=,1.2624510897304295
RIDGAHLTK,=,1.0755469613925308
TTIKPVSYK,=,-0.11975822410451964
VTYTEIEPK,=,0.8744818176994665
VVENPTIQK,=,0.8825245379548805
AINSVPWSK,=,0.26717172840301384
RVFNNYMPY,=,0.1931245983544616
LFQLCTFTK,=,2.2810333672477277
ASLPTTIAK,=,-0.12262865413022594
YVKSPKFSK,=,2.413299764081252
IQVTISSYK,=,1.0334237554869496
VLAYMLFTK,=,-0.04866248120408232
AIMQVFFGY,=,0.14301480025409505
YIFFASFYY,=,-0.3893398369101201
FASFYYIWK,=,1.5024271199844328
SFYYIWKSY,=,3.828015064223977
SSTCMMCYK,=,1.209515014542631
STCMMCYKR,=,0.9566485792052033
GALHLYFDK,=,-0.032452023781137915
ATFSVPMEK,=,-1.0277971616209356
ATAHSELAK,=,0.7267272090265723
MSLSEQLRK,=,0.6031443726201823
KQIRSAAKK,=,1.8674674878590516
STCFKLMLK,=,-0.2572748686953017
YTNEIIGYK,=,0.4082399653118496
STDDCFANK,=,1.255272505103306
GFDAWFSQR,=,4.47567118832443
PVVAAIITR,=,3.2528530309798933
TTFDAEYCR,=,1.8813846567705728
AAYYFMKFR,=,1.6739419986340878
GVYSVFYLY,=,-1.136677139879544
WFFNNYLRK,=,1.912753303671323
ALCTFLLNK,=,0.437750562820388
LLNKEMYLK,=,1.2278867046136734
YLALYNKYK,=,3.12057393120585
GALDTTSYR,=,1.4199557484897578
AVLQSGFRK,=,1.0128372247051722
MQNCLLRLK,=,1.2479732663618066
KFYGPFVDR,=,3.1522883443830563
TLNVLAWLY,=,1.3979400086720377
VLDMCAALK,=,1.6522463410033232
GVTFQGKFK,=,2.7902851640332416
VTFQGKFKK,=,1.1789769472931695
AACAMLLVK,=,1.6211762817750353
TVYDDAARR,=,1.987219229908005
VTTIMFLAR,=,1.390935107103379
IVFVCVEYY,=,1.6127838567197355
MLVYCFLGY,=,2.0791812460476247
GLFCLLNRY,=,3.1271047983648077
VQSKMSDVK,=,2.296665190261531
MQGAVDINR,=,2.8000293592441343
AAMQRKLEK,=,2.4099331233312946
DQAMTQMYK,=,2.937517892017347
QTMLFTMLR,=,0.2576785748691845
TMLFTMLRK,=,1.3010299956639813
VVPDYGTYK,=,1.9263424466256551
QQVVDADSK,=,4.419955748489758
ALRANSAVK,=,3.3944516808262164
ALAYYNNSK,=,1.462397997898956
DLKWARFPK,=,2.8536982117761744
KVKYLYFIK,=,1.6910814921229684
AVDPAKAYK,=,1.14921911265538
GTSTDVVYR,=,1.252853030979893
VVYRAFDIY,=,2.173186268412274
RAFDIYNEK,=,0.5538830266438743
LLDSYFVVK,=,1.6739419986340878
AVAVHDFFK,=,0.24797326636180664
AVHDFFKFR,=,0.8785217955012065
RVYANLGER,=,2.100370545117563
LMPILTLTR,=,3.0530784434834195
CLFDRYFKY,=,-0.22914798835785583
TSFGPLVRK,=,-0.6777807052660807
VVSTGYHFR,=,0.9319661147281727
ASGNLLLDK,=,1.4742162640762553
TVKPGNFNK,=,1.5185139398778875
DFYDFAVSK,=,3.951337518795918
AAISDYDYY,=,3.041392685158225
AISDYDYYR,=,1.8129133566428555
KSAGFPFNK,=,0.5888317255942073
GFPFNKWGK,=,2.816241299991783
SICSTMTNR,=,1.1139433523068367
MTNRQFHQK,=,0.6946051989335688
RQFHQKLLK,=,1.1238516409670858
ATVVIGTSK,=,0.4983105537896005
HLMGWDYPK,=,-0.4962093169428189
IMASLVLAR,=,2.0170333392987803
MVMCGGSLY,=,1.8686444383948257
ALLSTDGNK,=,2.693726948923647
AVVCYNSNY,=,2.843855422623161
AQGLVASIK,=,2.3201462861110542
AIDAYPLTK,=,1.0644579892269184
DVFHLYLQY,=,4.02530586526477
HLYLQYIRK,=,1.1702617153949575
MSYYCKSHK,=,1.8970770032094204
KLFAAETLK,=,1.320146286111054
VFTGYRVTK,=,2.978180516937414
QIGEYTFEK,=,0.9969492484953811
VVYRGTTTY,=,2.03342375548695
SSNVANYQK,=,1.6857417386022637
LQGPPGTGK,=,1.6031443726201824
ALCEKALKY,=,3.1583624920952498
ALKYLPIDK,=,2.9434945159061026
KVNSTLEQY,=,2.6483600109809315
VVNARLRAK,=,2.113943352306837
ALVYDNKLK,=,3.155336037465062
AQCFKMFYK,=,0.4014005407815441
GVVREFLTR,=,2.717670503002262
LTRNPAWRK,=,3.59659709562646
CVDIPGIPK,=,1.2988530764097066
RLISMMGFK,=,1.3463529744506386
VQMLSDTLK,=,1.271841606536499
LTSMKYFVK,=,1.2988530764097066
ASCDAIMTR,=,1.8998205024270962
AVHECFVKR,=,2.6434526764861874
VLHDIGNPK,=,1.5352941200427705
YSYATHHDK,=,1.4842998393467859
AIVCRFDTR,=,3.0827853703164503
AFHTPAFDK,=,2.9809119377768436
SAGFSLWIY,=,2.0644579892269186
NVAYNVVNK,=,2.0827853703164503
IINNAVYTK,=,1.2329961103921538
NVAFELWAK,=,1.8228216453031045
VAFELWAKR,=,3.514547752660286
AANTVIWDY,=,2.0293837776852097
SLTVLFDGR,=,3.8767949762007006
SVKGLTPSK,=,1.1205739312058498
KTQFNYFKK,=,0.35410843914740087
LAMDEFIQR,=,3.3783979009481375
SQDLSVISK,=,1.943988875073772
GVAMPNLYK,=,0.436162647040756
KMQRMLLEK,=,0.6424645202421213
TLAVPYNMR,=,3.509202522331103
IISDMYDPR,=,2.0863598306747484
FTYLCGFIK,=,1.6866362692622934
YLCGFIKQK,=,3.2174839442139063
ALGGSIAVK,=,2.2329961103921536
LIGANYLGK,=,2.578639209968072
GANYLGKPK,=,3.03342375548695
VFGSTMNNK,=,3.399673721481038
NAFNCTFEY,=,1.2988530764097066
AFSLDVSEK,=,3.550228353055094
AAYFVGYLK,=,0.5037906830571811
SQNPLAELK,=,2.48572142648158
SVKSFEIDK,=,2.1367205671564067
SVYAWERKK,=,2.361727836017593
TFFSTFKCY,=,3.6384892569546374
GVIADYNYK,=,0.7759743311293691
TSTGNYNYK,=,1.3242824552976926
SLLRSTSQK,=,1.1072099696478683
EVMPVSMAK,=,1.1139433523068367
GSFCTQLNR,=,1.8813846567705728
SQILPDPLK,=,3.6580113966571126
TLADAGFMK,=,2.130333768495006
KQIANQFNK,=,2.1398790864012365
TTTSTALGK,=,1.5024271199844328
AQALNTLVK,=,1.2013971243204515
SVLNDILSR,=,2.1702617153949575
ASANLAATK,=,1.1583624920952498
GVVFLHVTY,=,3.531478917042255
VTYVPSQER,=,2.9459607035775686
GTSWFITQR,=,0.814913181275074
MTSCCSCLK,=,2.322219294733919
ATKIIALNK,=,2.5237464668115646
FLYLYALIY,=,4.212187604403958
NATFFIFNK,=,1.9410142437055697
SQIQLSLLK,=,1.4653828514484182
AFQHQNSKK,=,3.4771212547196626
HQNSKKTTK,=,3.3180633349627615
SLYMAISPK,=,1.3404441148401183
FTTSLSLHK,=,2.2576785748691846
KLLQTLVLK,=,3.0293837776852097
SSSLTSLLK,=,1.9420080530223132
IQFMMSRRR,=,2.56702636615906
NLCTHSFRK,=,3.8976270912904414
TLAILTALR,=,3.649334858712142
TVYVYSRVK,=,2.161368002234975
WIMLLQFAY,=,4.14921911265538
AVIIRGHLR,=,3.3502480183341627
TSRTLSYYK,=,2.2041199826559246
GFAAYNRYR,=,3.8175653695597807
SSIVRQLFK,=,1.8645110810583918
RQLFKPLTK,=,2.8208579894397
QLFKPLTKK,=,3.0453229787866576
SVSPKLFIR,=,2.8779469516291885
LILCFTIKR,=,2.3636119798921444
ILCFTIKRK,=,3.8870543780509568
VVQRCASNK,=,2.8055008581584002
ASLPYGANK,=,2.0453229787866576
ALALLLLDR,=,3.8767949762007006
QQQGQTVTK,=,2.677606952720493
ASAFFGMSR,=,2.1702617153949575
KTFPPTEPK,=,2.7218106152125467
AQPLPQRQK,=,2.9439888750737717
TVAYFNMVY,=,1.7817553746524688
SMMGFKMNY,=,1.0253058652647702
AMDEFIQRY,=,3.509202522331103
SAAAYFVGY,=,1.515873843711679
ATSTGNYNY,=,1.9614210940664483
STGNYNYKY,=,2.296665190261531
ATSRTLSYY,=,1.4548448600085102
LSPRWYFYY,=,2.756636108245848
SADASTFLK,=,0.4727564493172124
YLLVKWYRK,=,0.5563025007672873
FILGIIITV,=,4.292256071356476
VLIAGIILL,=,3.0253058652647704
LMYDIINSV,=,3.113943352306837
RLYDYFTRV,=,2.1903316981702914
GLFDFVNFV,=,4.049218022670182
FLIVSLCPT,=,4.682145076373832
SLSAYIIRV,=,3.285557309007774
ILDDNLYKV,=,3.4409090820652177
HVDGKILFV,=,4.859138297294531
VLYDEFVTI,=,4.17897694729317
RVYEALYYV,=,1.9041743682841634
SLIYYQNEV,=,4.437750562820388
YLPEVISTI,=,4.891537457672564
YIIRVTTEL,=,4.891537457672564
FLTSVINRV,=,4.891537457672564
KLLWFLTGT,=,4.1702617153949575
SLVENNFFT,=,4.891537457672564
QIFEVYWYL,=,1.8280150642239767
NTYLFNILY,=,2.419955748489758
AVYGNIKHK,=,1.255272505103306
AVYGNIKHK,=,2.9011857801371503
STLNFNNLR,=,-0.5272435506827877
STLNFNNLR,=,-0.5228787452803376
MVIENGILK,=,0.887054378050957
ATSIYTIER,=,0.3053513694466238
SVANRSKQK,=,1.0718820073061255
DVKASMLEK,=,1.0374264979406236
SLQTIASKK,=,1.0863598306747482
MTIREFPRK,=,0.5932860670204573
KSYSLIRPK,=,0.5976951859255123
NLFSKNILK,=,1.0606978403536116
STCYVFGLY,=,0.895422546039408
STCYVFGLY,=,-0.3448615651886179
RLFYTFFSY,=,-0.5003129173815962
AFVRFSTDK,=,3.934498451243568
ALYRRIQRR,=,1.9666109866819343
ISIIVLFQR,=,2.9684829485539352
LVKMINHLK,=,1.7126497016272113
ISIRPRVTK,=,1.6551384348113822
TLNHVLALK,=,0.10720996964786837
IVLFQRFLR,=,1.1271047983648077
LPRPDTRHL,=,4.891537457672564
KPFNNILNL,=,4.4031205211758175
SPRPEMQEF,=,4.742725131304698
IPYLRNYMV,=,3.6541765418779604
TFMIITSTK,=,2.2764618041732443
LMDSIFVST,=,4.891537457672564
IQKITVFNK,=,0.8350561017201162
IQKITVFNK,=,2.9661417327390325
TLLGLILFV,=,4.547774705387822
ILFILFFAY,=,2.6599162000698504
ILFILFFAY,=,4.752816431188271
ALFMYYAKR,=,1.8202014594856402
MLFTSTNDK,=,1.3010299956639813
TTYMDTFFR,=,0.2966651902615311
IIPFIAYFV,=,3.387389826338729
EQLSKYVEK,=,0.9890046156985368
AVFKDSFLR,=,0.8122446968003693
VFKDSFLRK,=,2.3344537511509307
SFLRKIGDK,=,3.5943925503754266
VSMMSMYGK,=,0.07188200730612536
NLTDTNFKK,=,2.8182258936139557
TFIDVHIPK,=,-0.03574036980315106
VSVDAMIHK,=,0.39093510710337914
STIFDIVSK,=,0.359835482339888
TTAFFNTCK,=,-0.30803489723263966
ALINLVQYR,=,3.593286067020457
TTYDFLARK,=,-0.40340290437353976
MQKFTILEY,=,1.5998830720736879
ILEYLYIMR,=,3.037426497940624
RVMANNVKK,=,1.2227164711475833
AVVADLSAR,=,1.714329759745233
PLFDFVNEK,=,2.615950051656401
LFKNVRLLK,=,2.9469432706978256
MVASDVCKK,=,2.184691430817599
SVTKSSSWK,=,0.3996737214810381
VVMAYVGIK,=,0.09342168516223506
LLFASMGFK,=,0.23299611039215382
ASLKNTISK,=,0.7168377232995244
IVFNLPVSK,=,-0.1911141326401879
IVFNLPVSK,=,0.6627578316815741
AQYKCVTIK,=,1.57287160220048
ALDGTFQRK,=,1.4828735836087537
CFKEASFSK,=,3.1367205671564067
SLNRQTVSR,=,3.130333768495006
RQTVSRFKK,=,1.6095944092252201
RVLFSIFYK,=,1.7259116322950483
STQSVLCVK,=,-0.12147820449879346
TQSVLCVKK,=,0.8221680793680175
VLCVKKFYK,=,0.9454685851318197
CYLDTNIKM,=,4.891537457672564
RPDTRHLRV,=,4.639486489268586
NFGTIILNK,=,3.037426497940624
LQMAGVEVR,=,3.760422483423212
ILGGVLHTK,=,1.2855573090077739
TQIFEVYWY,=,2.5477747053878224
KLLISCWQR,=,2.3710678622717363
SFIMRNFLR,=,2.3344537511509307
FLRSIAMLK,=,2.3283796034387376
QQLEDIFMR,=,4.127104798364807
IFMRDWNSK,=,3.9143431571194407
GLACYRFVK,=,1.380211241711606
KQMYRKFSR,=,1.8965262174895554
SSLDQTHIK,=,1.5024271199844328
ILNFLDWIK,=,2.1903316981702914
RVIWMDAYK,=,-0.10072681268239618
IVNNQESNK,=,2.167317334748176
SVLDIISSK,=,0.8273692730538252
YTFAISYCR,=,0.5250448070368452
NTFPNITLK,=,0.9726655922661109
SVNEYHMLK,=,0.34830486304816066
KLQARNIQK,=,1.250420002308894
QTQTYNIGK,=,0.846955325019824
SSLVKNVNK,=,1.4329692908744058
KLMEEYLRR,=,0.9925535178321356
TTKDYFSFK,=,-0.06499684854634524
LVFNSISAR,=,1.4313637641589874
ALKAYFTAK,=,2.2695129442179165
MVDELVTRK,=,2.2068258760318495
LVTRKCPQK,=,1.2380461031287955
LVENNFFTK,=,1.4014005407815442
KVLAARLKR,=,2.1986570869544226
RLFRSPQVK,=,2.8543060418010806
KLNGAMVEY,=,1.14921911265538
KLNGAMVEY,=,3.9014583213961123
STGESSILR,=,2.967547976218862
IFAFIDFSK,=,1.3117538610557542
STSPTRTWK,=,-0.09528445472131904
MLIYSMWGK,=,0.41995574848975786
EQQQSFMPK,=,1.0530784434834197
SQIFNIISY,=,1.7283537820212285
ITFLRPVLK,=,0.8095597146352678
VLKAMHDKK,=,2.561101383649056
RQILDNAAK,=,2.1583624920952498
MFMLIFNVK,=,2.7686381012476144
TLYVKALTK,=,1.3783979009481377
FSNTIQSYK,=,1.0413926851582251
KLFKKTDFK,=,0.9474337218870508
LLIWAYLSK,=,2.0043213737826426
LVYIFEPEK,=,1.3961993470957363
RTFNEDLFR,=,1.1789769472931695
STSAADIKR,=,1.1205739312058498
KLCKNHAEK,=,1.2988530764097066
YTFFSYLMK,=,-0.24949160514865382
FFSYLMKDK,=,3.993876914941211
VTSSGAIYK,=,1.08278537031645
VTSSGAIYK,=,0.4913616938342727
KVVDTFISY,=,0.6972293427597176
VSMTYLYNK,=,0.13353890837021754
YLYNKYSFK,=,0.6618126855372612
LFDFVNFVK,=,2.161368002234975
LLTACTIFY,=,4.049218022670182
ALEYLSELK,=,2.250420002308894
RLVEEFFNR,=,1.944975908412048
FLLRHYYNK,=,1.4329692908744058
LFMEMFFDY,=,4.77451696572855
LLMHLVSLY,=,0.8518696007297664
SVFKGFSDK,=,-0.0695604052332999
NFDYPFFRK,=,2.2810333672477277
KLITPNYMK,=,0.7058637122839193
TQMRTPLHK,=,1.8920946026904804
ATSLDVINY,=,0.814913181275074
ATSLDVINY,=,0.8325089127062363
VFKAMETFK,=,2.0569048513364727
KVMFVIRFK,=,0.8082109729242221
KVMFVIRFK,=,0.8633228601204559
KFGKNHIHR,=,4.553883026643875
ASTISWMMK,=,-0.46092390120722343
KQYDSTDFK,=,1.5250448070368452
VLMHPDFCK,=,0.6364878963533654
MTLVPVLEK,=,0.8234742291703011
QSFLFWFLK,=,-0.36653154442041347
SFIISTLNK,=,0.7283537820212285
LSDENYLLK,=,0.2013971243204515
SSVQLSNNK,=,0.7168377232995244
LFVKKMLPK,=,2.3783979009481375
QQFANVISK,=,0.37657695705651195
TFRERYSYK,=,1.640481436970422
GFNYPEYNR,=,3.8987251815894934
SFIVPEFAK,=,2.012837224705172
IVPEFAKQY,=,4.071882007306125
GQRCHFIKK,=,1.1271047983648077
KTNTKHCPK,=,0.4927603890268375
STYSDICSK,=,-0.15119529894819625
KTNDINVRR,=,1.4785664955938433
LVCFPSTQR,=,1.608526033577194
IQRFSSLRR,=,3.0043213737826426
SSLRREHIK,=,2.4313637641589874
KSNILMWNK,=,0.3521825181113625
SLAIKNYYR,=,3.782472624166286
QLMYALEPR,=,3.3909351071033793
NTIVFGIYK,=,3.03342375548695
ILARRPTPK,=,1.662757831681574
LLNVTYNIK,=,3.683947130751512
GFTATICLK,=,1.6053050461411094
GTIKESLLK,=,0.8075350280688532
SLLKETIQK,=,1.2253092817258628
YLLVKWIRK,=,1.9242792860618816
FLWTQSLRR,=,2.859138297294531
GIPYCNYSK,=,2.0718820073061255
GVVRVWDVK,=,1.0453229787866574
HIVGKSCPK,=,4.176091259055681
KTWMDIEGR,=,3.0530784434834195
MLQKEYMER,=,3.1335389083702174
MLRLFDFNK,=,1.6989700043360187
RTRDIYISR,=,3.4771212547196626
SAVIDALPR,=,2.346352974450639
SVLRAVLPR,=,0.9523080096621253
TTGRTSLPK,=,3.24551266781415
VTFLLLCGR,=,1.2600713879850747
FIRRKYLIY,=,4.429752280002408
FLKDDTLSK,=,4.0
NFPQHVITK,=,3.311753861055754
FFVFIHMVR,=,3.5774917998372255
FIHMVRCCK,=,3.303196057420489
HMVRCCKVY,=,4.6020599913279625
HAFDAPTLY,=,2.2671717284030137
YVKALTKNY,=,4.103803720955957
SFSNTIQSY,=,3.6334684555795866
QSYKETVHK,=,1.6374897295125106
LFHGGEPIK,=,2.884228769632604
EIIFLKLFK,=,0.09691001300805642
IIFLKLFKK,=,0.6473829701146199
KTDFKVVKK,=,1.7824726241662863
VVKKLSVIR,=,4.08278537031645
VIRLLIWAY,=,3.285557309007774
LIWAYLSKK,=,2.0043213737826426
GIEFADNDR,=,3.2405492482826
YTLFQQTGR,=,2.741151598851785
HSNLTETFR,=,1.608526033577194
NLTETFRDY,=,4.891537457672564
IFPGDKTSY,=,4.068185861746161
TMYDKILSY,=,0.5943925503754267
LSYIYSEIK,=,1.436162647040756
EIKQGRVNK,=,2.7134905430939424
IFEPEKDIR,=,3.4927603890268375
DILSIIDAK,=,2.6314437690131722
DAKNDDWKK,=,3.4913616938342726
VVVQIDPEY,=,3.369215857410143
FSTSAADIK,=,2.346352974450639
NSYISNIIY,=,3.3961993470957363
TLDTMDDMK,=,2.66838591669
QIFNEDTSY,=,1.8645110810583918
IFNEDTSYY,=,3.8382192219076257
DTSYYVKEY,=,4.155336037465061
VIENGILKK,=,1.4712917110589385
ILKKLSSIK,=,3.037426497940624
LSSIKSKSR,=,3.6190933306267428
SSIKSKSRR,=,3.0453229787866576
LFSKNILKY,=,3.7774268223893115
FSKNILKYY,=,4.460897842756548
RLGLVLDDY,=,3.5514499979728753
PSILPSLIK,=,2.583198773968623
LIKTILASY,=,3.8959747323590648
SIHLTKTDK,=,0.9722028383790645
HLTKTDKKY,=,3.294466226161593
ILQLIRHGR,=,2.8603380065709936
AATIQTPTK,=,0.9781805169374139
QTPTKLMNK,=,2.48572142648158
KIVDHIVMY,=,1.9647309210536295
DFRNRYEDY,=,3.8992731873176036
IIKHIYEQY,=,3.617000341120899
MSMGDIITY,=,0.7535830588929066
DIITYNGCK,=,2.8524799936368566
IIGPMFSGK,=,0.2528530309798932
STELIRRVR,=,2.103803720955957
ELIRRVRRY,=,4.891537457672564
TIKYSNDNR,=,2.357934847000454
GTGLWTHDK,=,-0.4424927980943421
NFEALEATK,=,1.9268567089496924
AALDGTFQR,=,0.41830129131974547
TAVCMKCFK,=,1.0086001717619175
EIIGGNDMY,=,4.545307116465824
DMYQSVCRK,=,3.401400540781544
GIGTFLHYK,=,-0.23284413391781958
WIQYDKHCY,=,1.5965970956264601
KMSTDNAVY,=,2.2600713879850747
LFSIFYKDY,=,3.656098202012832
VSLKKTNDK,=,1.506505032404872
DISKLTNFK,=,2.5289167002776547
STTDAEACY,=,2.635483746814912
DAEACYIYK,=,1.7596678446896306
SVLCVKKFY,=,2.5705429398818973
YTVEFDRDK,=,4.276461804173244
SMTYLYNKY,=,3.220108088040055
SFKLILAEY,=,4.1303337684950066
KLILAEYIR,=,4.181843587944773
ILAEYIRHR,=,3.161368002234975
MTLDDLAIK,=,1.5693739096150459
DIDLLFNEK,=,2.8109042806687006
DLLFNEKLK,=,2.27415784926368
VALSSLVSK,=,1.1789769472931695
SIPISELSR,=,2.0969100130080562
PISELSRLR,=,3.7323937598229686
ISELSRLRY,=,4.033423755486949
RLRYNLCKY,=,4.891537457672564
ESIEDKFDY,=,4.05307844348342
STCSAVTDR,=,1.4941545940184429
IVNGKECCY,=,3.8915374576725643
PSTVKTNLY,=,3.8305886686851442
TVKTNLYMK,=,1.209515014542631
ELQAGESVK,=,3.92272545799326
KFGNSINVK,=,3.8102325179950842
TSVSAKQLR,=,3.44870631990508
VSAKQLRTR,=,3.436162647040756
RIRQQLPLY,=,2.7427251313046983
YSHLLPTQR,=,3.0681858617461617
SSSVDVDIY,=,4.640481436970422
DVDIYDAVR,=,4.891537457672564
DAVRAFLLR,=,4.136720567156407
RAFLLRHYY,=,0.17318626841227402
LLRHYYNKR,=,2.9206450014067875
NAILHNIYR,=,3.1335389083702174
VIPFDDIVR,=,3.9822712330395684
TMPNESRVK,=,2.9684829485539352
NSINNQLMY,=,2.12057393120585
VSIILANER,=,1.6739419986340878
SIILANERY,=,2.367355921026019
IILANERYR,=,3.824125833916549
SAFNDDGIY,=,4.146128035678238
YIRRNMINK,=,2.754348335711019
NMINKLYGY,=,4.269512944217916
GTIAGGVCY,=,1.8432327780980093
TIAGGVCYY,=,1.9763499790032735
LMHLVSLYK,=,0.798650645445269
ISSVLTILY,=,1.920123326290724
SSVLTILYY,=,1.6211762817750353
GSTAEQLSK,=,1.146128035678238
STAEQLSKY,=,2.123851640967086
VSAQNISFK,=,0.983175072037813
NISFKSINK,=,1.615950051656401
SFKSINKVY,=,3.4424797690644486
KSINKVYGR,=,0.37657695705651195
SINKVYGRY,=,2.290034611362518
QTVDFTDCR,=,2.5415792439465807
CVDIFTEGK,=,1.8937617620579434
CLLAISAVY,=,3.7024305364455254
LAISAVYFK,=,0.32633586092875144
ISAVYFKAK,=,1.0086001717619175
EFTSDYPFY,=,3.404833716619938
KAFNHASVK,=,0.9689496809813426
NFSIIELPY,=,3.0293837776852097
SMMVILPDK,=,-2.2984320149440727
EVFGSTGDY,=,1.1172712956557642
YVIRHVDGK,=,1.0086001717619175
LTIKDSSNK,=,1.173186268412274
NLEMIDERK,=,3.0453229787866576
IVHSYLKNY,=,3.089905111439398
PLHILASNK,=,3.807535028068853
QMRTPLHKY,=,3.24551266781415
NMVSDTIMK,=,2.696356388733332
MVSDTIMKR,=,0.814913181275074
FSLESDSIK,=,2.7520484478194387
SIKDVIHDY,=,3.44870631990508
WLSMTDEMR,=,4.665580991017953
ETFKIDAVR,=,3.436162647040756
TFKIDAVRY,=,4.276461804173244
AMSFDGFIR,=,2.514547752660286
RSLQTIASK,=,0.8645110810583919
QTIASKKDK,=,2.884228769632604
LSIVVDINK,=,1.376576957056512
MSHLKVALY,=,3.2278867046136734
HLKVALYRR,=,3.9827233876685453
VALYRRIQR,=,3.7193312869837265
AIEPSGNNY,=,3.762678563727436
ILHAYCGIK,=,2.7649229846498886
RFVEELLHR,=,3.537819095073274
IASKINNNR,=,2.5171958979499744
GADPNACDK,=,3.795184589682424
GTDDEVIER,=,2.56702636615906
NLLVQYGAK,=,4.1003705451175625
LACTDPSER,=,4.298853076409706
IMSIGFEAR,=,3.496929648073215
GFEARIVDK,=,3.9556877503135057
HIVCSKTVK,=,3.2013971243204513
LLPSTDVNK,=,3.74350976472843
STDVNKQNK,=,1.0755469613925308
DSPLTLLIK,=,3.7958800173440754
LSPAHLINK,=,1.5954962218255742
QTVNICIFY,=,1.6009728956867482
DVLEIINDK,=,3.660865478003869
IINDKGKQY,=,3.9232440186302764
MAVEVGSIR,=,1.5965970956264601
EVGSIRCVK,=,2.5211380837040362
DIICEDAMY,=,4.891537457672564
IICEDAMYY,=,2.292256071356476
HTCMSECVR,=,1.8280150642239767
YLTMKAIEK,=,2.9380190974762104
TMKAIEKDR,=,3.4183012913197452
AIEKDRLDK,=,3.0492180226701815
SIIIPFIAY,=,-0.31695296176115045
VSYEVFDDY,=,2.1271047983648077
YLSTFNMWR,=,2.823474229170301
KTLDISSFY,=,0.8102325179950841
RVAVNKSNK,=,1.0606978403536116
QMAGVEVRY,=,3.3560258571931225
WISDNTHIY,=,4.089905111439398
DLTQIFEVY,=,2.6655809910179533
YLGVNNLPY,=,3.173186268412274
LTALLSCIR,=,2.960946195733831
LSCIRNASK,=,2.6989700043360187
VMNFIPIIY,=,1.7817553746524688
NFIPIIYSK,=,2.326335860928751
ELRRAAIDR,=,4.891537457672564
AIDRQVSVK,=,1.6242820958356683
RSIAMLKSK,=,0.4927603890268375
YSRVNHAKY,=,4.625312450961673
HAKYMVTDK,=,3.7641761323903307
YMVTDKTAY,=,4.418301291319746
GTSNWTGNY,=,0.02530586526477026
FMRDWNSKY,=,4.891537457672564
NSKYSYELY,=,4.017033339298781
ELYDTSPTK,=,1.9552065375419418
DTSPTKRCR,=,4.891537457672564
PTKRCRLLK,=,3.0170333392987803
ILMKTANNY,=,2.4578818967339924
ETIEILRNY,=,4.204119982655925
ILRNYLRLY,=,3.6570558528571038
ILARNEEGR,=,4.891537457672564
IMSMMNITR,=,1.7867514221455612
LTTHCTKLR,=,4.891537457672564
SSPPIPMSR,=,2.6085260335771943
PLIDIIRKR,=,4.682145076373832
DIALALEQY,=,4.891537457672564
EINEWLSSK,=,2.230448921378274
LSSKGLACY,=,3.739572344450092
SSKGLACYR,=,1.9052560487484513
RFVKFNDYR,=,4.1702617153949575
FVKFNDYRK,=,3.247973266361807
IIGHIGHHY,=,3.6646419755561257
DVLPFDIKY,=,4.173186268412274
PFDIKYISR,=,4.290034611362518
ISRDELWAR,=,4.346352974450639
ITDNGPMPY,=,0.8639173769578604
PMPYMISTY,=,4.624282095835668
TFVNFNSVK,=,1.3304137733491908
TLISSDGAR,=,3.146128035678238
GLSLQDYCY,=,2.5575072019056577
ESRPFDLIK,=,3.12057393120585
DLIKKSDAK,=,4.495544337546448
LIKKSDAKR,=,2.3729120029701067
KSDAKRNSK,=,2.9479236198317262
SMASLKSLY,=,1.5843312243675307
MFLTSVINR,=,2.45178643552429
SSKQYPAGR,=,2.709269960975831
PAGRPNYVK,=,2.322219294733919
YVKNGTKGK,=,2.942008053022313
SVDIETAIR,=,1.724275869600789
LLDSIKMIY,=,4.250420002308894
NSSIISLFY,=,1.649334858712142
LFYTFAISY,=,4.303196057420489
ISYCRAFIY,=,-0.44611697335612566
IMETIDPVY,=,3.4668676203541096
PVYISQFSY,=,3.2430380486862944
ELYVSSSYK,=,1.0934216851622351
ITLKIIETY,=,4.891537457672564
KIIETYLGR,=,4.891537457672564
DIFVSLVKK,=,1.4440447959180762
FVSLVKKNK,=,2.0791812460476247
VSLVKKNKK,=,3.357934847000454
SLVKKNKKR,=,4.891537457672564
TSASEIKDR,=,3.225309281725863
EIKDRILSY,=,3.220108088040055
YFSKQTQTY,=,4.439332693830263
DILGVLTIK,=,3.0492180226701815
KAPNVISSK,=,0.8463371121298052
NVISSKISY,=,2.6830470382388496
VTSMEELAR,=,1.8215135284047732
SMNVAVIDK,=,-0.5559552040819237
NVAVIDKAK,=,2.8715729355458786
NVNKLMEEY,=,4.3747483460101035
KSCICYGSY,=,0.8375884382355113
YLINPNILY,=,2.575187844927661
LIDLAFLIK,=,2.6646419755561257
NIILSKIPY,=,2.741939077729199
ILSKIPYLR,=,1.4871383754771865
YLRNYMVIK,=,2.952792443044092
HIIDSFNIR,=,2.173186268412274
TFQLLNMIK,=,1.290034611362518
MATMLEYVR,=,2.361727836017593
ATMLEYVRY,=,1.3710678622717363
IVTVTTKDY,=,4.513217600067939
FSFKKCLVY,=,1.927883410330707
YLIHDNIMY,=,4.173186268412274
TILLSDKGK,=,1.9095560292411753
GLCAHILLY,=,1.5740312677277188
QMLTSGEYK,=,0.5646660642520893
DLLNSMMNR,=,4.1702617153949575
YSHTERDKK,=,2.7323937598229686
NSISARALK,=,0.6009728956867483
ISARALKAY,=,2.5237464668115646
EMVDELVTR,=,4.611723308007342
VTRKCPQKK,=,1.7888751157754168
DLVKSSFVK,=,2.103803720955957
LVKSSFVKK,=,1.3692158574101427
ELALTDVEK,=,2.7101173651118162
LALTDVEKR,=,4.089905111439398
TIDKSSPLY,=,1.9122220565324155
QFNFNGHTY,=,4.152288344383057
HTYHLENDK,=,0.8260748027008264
QLDEKSSIK,=,2.7075701760979363
KSSIKDSMY,=,3.2174839442139063
ELIDVLKTR,=,4.891537457672564
DVLKTRLFR,=,3.2833012287035497
QVKDNIISR,=,2.2671717284030137
NIISRTRLY,=,3.0086001717619175
ISRTRLYDY,=,3.1492191126553797
ESSIYVILK,=,1.5976951859255124
SILSLETVK,=,0.6180480967120927
TVKMGAFMY,=,1.403120521175818
KMGAFMYTK,=,-0.40120949323688493
MLTNAISSR,=,3.6138418218760693
NAISSRVDR,=,4.569373909615046
AISSRVDRY,=,2.214843848047698
SSRVDRYSK,=,1.2278867046136734
QTCAGVIEY,=,2.1271047983648077
CAGVIEYAK,=,2.2833012287035497
KSISKSNAK,=,-0.08092190762392612
KSISKSNAK,=,3.226006694729179
KSNAKCIEY,=,2.1492191126553797
KSNAKCIEY,=,4.336459733848529
YVTLNASQY,=,3.0492180226701815
FIMLEGETK,=,2.0453229787866576
FIMLEGETK,=,3.6884999099115756
MLEGETKLY,=,3.8488047010518036
VTAASPMLY,=,0.1553360374650618
VTAASPMLY,=,3.0688905542579357
LSVETITEK,=,1.1789769472931695
LSVETITEK,=,3.819839944515207
ETITEKTFK,=,2.0253058652647704
ETITEKTFK,=,3.746229291369629
AIITPVVFY,=,-0.4412914294668343
IITPVVFYR,=,-0.4921441283041691
ETKITFALK,=,1.8733206018153987
ETKITFALK,=,3.2656431419421352
ALKKLIIDR,=,4.751279103983342
GLVDIDDEY,=,4.891537457672564
ESKAKQLCY,=,4.891537457672564
QLCYCPASK,=,0.6473829701146199
ESNIEIMDK,=,4.033423755486949
IMDKEQLLK,=,1.3424226808222062
LLKILDNLR,=,2.798650645445269
NATDFWRLY,=,2.100370545117563
LITLILSNK,=,1.2787536009528289
LILSNKLLY,=,2.2833012287035497
ELAELLEMK,=,3.103803720955957
LAELLEMKY,=,4.891537457672564
YALINLVQY,=,4.891537457672564
IIVAGFSGK,=,1.404833716619938
KTDIVNTTY,=,3.0791812460476247
NTTYDFLAR,=,2.6190933306267428
DTSNNIAEY,=,3.6989700043360187
IAEYIAGLK,=,2.167317334748176
GLKIEEIEK,=,3.813580988568192
TIANSNIIK,=,1.5658478186735176
NSNIIKNKK,=,3.093421685162235
IFPANINDK,=,3.037426497940624
RMLDTSEKY,=,3.9943171526696366
TSEKYSKGY,=,4.891537457672564
PISASDMQK,=,2.2121876044039577
KFTILEYLY,=,3.3384564936046046
VMANNVKKK,=,2.3324384599156054
NVKKKNEGK,=,4.472756449317212
VMHINSPFK,=,-0.6497519816658371
PFKVINLPK,=,2.8228216453031045
GTHVLLPFY,=,0.045322978786657475
KSPLPSLEY,=,2.357934847000454
PSLEYGANY,=,4.336459733848529
ISRVNDLNR,=,3.950364854376123
MLPESDLDK,=,3.3180633349627615
EILKINSVK,=,3.187520720836463
ILKINSVKY,=,4.209515014542631
VADLSARNK,=,2.184691430817599
LSARNKLFK,=,-0.2740883677049518
SARNKLFKR,=,3.756636108245848
KMLTFDVFR,=,0.4712917110589386
LFDFVNEKY,=,4.6875289612146345
GVIDTMRIY,=,1.932980821923198
IMVASDVCK,=,2.56702636615906
MSHVKSVTK,=,0.9057958803678685
PVDTEFINK,=,1.951823035315912
FLEFSNRVY,=,3.506505032404872
YSSMTSDSK,=,1.021189299069938
KSIENKHQR,=,1.4683473304121573
SIENKHQRR,=,3.8041394323353503
TISKDNLER,=,2.230448921378274
TLVPVLEKK,=,1.2013971243204515
ITPTIEDDK,=,3.8169038393756605
VTMMKYCSY,=,0.9434945159061026
FLKSGAVVK,=,2.5403294747908736
GAVVKSDNK,=,2.893206753059848
KLDDVEKEK,=,2.4653828514484184
TLISLNSMY,=,2.450249108319361
ISLNSMYTR,=,1.57287160220048
IMEIVSHLR,=,2.3404441148401185
ASTTENAAY,=,2.4871383754771865
KIIAVFDSK,=,0.8247764624755457
TLNEYKQLY,=,2.093421685162235
TISSESLVY,=,1.0293837776852097
SVQLSNNKY,=,1.5198279937757189
FANVISKIY,=,3.921686475483602
ISKIYTLIY,=,2.3961993470957363
LTDTIESAK,=,2.0969100130080562
DTIESAKTK,=,2.8273692730538253
LIKFISDNK,=,2.346352974450639
FISDNKKEY,=,4.891537457672564
ISDNKKEYK,=,2.5550944485783194
IISEEYLSK,=,1.4313637641589874
DIVNEHDIK,=,4.891537457672564
IVNEHDIKY,=,1.9299295600845878
DLIVTFRER,=,3.910624404889201
LIVTFRERY,=,2.271841606536499
VTFRERYSY,=,0.6532125137753437
VLPHLCLDY,=,2.6242820958356683
AISKLGINY,=,1.3424226808222062
PIINTHSFY,=,4.891537457672564
FTQHLLNIR,=,4.891537457672564
NIRLTDTEY,=,4.891537457672564
LTDTEYRAR,=,4.731588765186738
DSMDVLAEK,=,0.2380461031287954
SMDVLAEKK,=,1.4099331233312946
KIVNGVLSR,=,1.9503648543761232
DFDNLIGVR,=,4.891537457672564
YITIQDRPR,=,4.6512780139981444
NIADAARHY,=,4.05307844348342
DLTTMPTYK,=,2.4668676203541096
IMFEQYFIY,=,4.891537457672564
YTYDRVDIY,=,-0.4672456210075022
IINFTISMR,=,1.6919651027673603
NVQFVDINR,=,2.285557309007774
FVDINRNNK,=,1.7058637122839193
RSTAIKVTK,=,0.8305886686851442
SMFWDGMDY,=,-0.08460016478773018
MMFINSTCY,=,2.2013971243204513
LSDIISAEK,=,1.5327543789924978
ISAEKTPIR,=,3.7795964912578244
PIRVCLLPR,=,4.535294120042771
LLPRVVGGK,=,2.429752280002408
KSISSMTIR,=,2.44870631990508
SMTIREFPR,=,2.7774268223893115
GLSETGFMR,=,3.432969290874406
FMRFFQLLR,=,2.5490032620257876
QLLRLMADK,=,2.5428254269591797
AIKEVVMAY,=,2.6646419755561257
YVGIKLGDK,=,2.8129133566428557
KLGDKGSPY,=,3.7993405494535817
SMGFKVTTR,=,3.6748611407378116
ISIISIRPR,=,2.419955748489758
TLMKTSCSK,=,1.2576785748691846
FMVSVSDFR,=,2.69284691927723
VSVSDFRDY,=,4.017033339298781
DFRDYQSYR,=,4.133538908370218
QSYRQYRNY,=,3.2041199826559246
SILDRIDTR,=,2.6981005456233897
DTRGIFSAY,=,4.416640507338281
FSPENKAFK,=,3.7007037171450192
KAFKNNLSR,=,2.1818435879447726
AMPYNILDR,=,3.5024271199844326
QALNSVANR,=,2.926856708949692
TIERIFNAK,=,0.06445798922691845
NAKVGDDVK,=,2.5899496013257077
KASMLEKYK,=,2.041392685158225
FTDISMSLY,=,3.403120521175818
DLIAMENLK,=,3.130333768495006
KAMLYIIRR,=,1.1613680022349748
YIIRRSGCR,=,2.7528164311882715
QITTDDLVK,=,2.904715545278681
TTDDLVKSY,=,2.873320601815399
LVKSYSLIR,=,3.173186268412274
KILSMINYY,=,1.7323937598229686
DMMLMIGNY,=,4.103803720955957
FSKSTSPTR,=,4.089905111439398
IITVGMLIY,=,3.8305886686851442
AAVTLNRIK,=,3.677606952720493
IAPGIADIR,=,4.699837725867246
GIADIRDKY,=,3.952792443044092
ELGFNYPEY,=,4.824125833916549
AVKFAEESY,=,3.3710678622717363
KFAEESYTY,=,4.217483944213907
FAEESYTYY,=,4.525044807036846
TSPGEIKPK,=,3.0170333392987803
KFRPGSLIY,=,4.7664128471124
DSVAKCCSK,=,3.494154594018443
CLEWLRAKR,=,4.691965102767361
CSKHMDARY,=,4.004321373782642
CSEFIRIIR,=,3.220108088040055
FIRIIRPDY,=,4.749736315569061
FTFGDTALY,=,2.2833012287035497
CTDESRDRK,=,2.3404441148401185
ESRDRKWLY,=,4.012837224705172
DVQRTRCKY,=,4.891537457672564
LVVISVIFY,=,4.56466606425209
VIFYFISIY,=,4.6512780139981444
FISIYSRPK,=,1.7649229846498886
SIYSRPKIK,=,0.8208579894396999
SAGAGVLDK,=,2.499687082618404
GIFKNNDVR,=,3.220108088040055
LILFVLALY,=,4.217483944213907
PLTSLVITY,=,4.344392273685111
FAYVMNIER,=,1.816241299991783
VMNIERQDY,=,3.786041210242554
NIERQDYRR,=,4.079181246047625
ITSTKTIEY,=,2.637489729512511
CTIDNPTKY,=,3.0791812460476247
ILTYNKTSK,=,3.100370545117563
TSKTTILSK,=,2.6053050461411096
LSKWHTSAR,=,3.5352941200427703
DVSLIIEYK,=,2.1818435879447726
NTGIKSTVK,=,2.1522883443830563
KSTVKLVQR,=,3.1522883443830563
FLLFLEITY,=,4.201397124320452
ELCGAFLFY,=,2.292256071356476
PSIFLIITK,=,1.5563025007672873
VFSFWLLCK,=,1.0755469613925308
CAVHLIIYY,=,2.8965262174895554
IIYYQLAGY,=,1.3636119798921444
VLGLGLSLK,=,1.4099331233312946
CFPSTQRDY,=,3.399673721481038
NIKPSKENR,=,4.482873583608754
RLSILSKDK,=,3.0827853703164503
GSWATSSFR,=,0.8680563618230416
WATSSFREK,=,3.110589710299249
TSSFREKSR,=,3.7596678446896306
TIQRFSSLR,=,0.9508514588885464
HIKVDHPDK,=,3.754348335711019
FLELKRGIY,=,4.02938377768521
KSSSIDVDK,=,2.2068258760318495
SSSIDVDKR,=,3.6766936096248664
SIDVDKRTK,=,2.6711728427150834
RTKLMSNIK,=,1.4683473304121573
KSLLLLNTR,=,2.0569048513364727
LLLNTRQLK,=,0.7234556720351858
YSISNDLLY,=,2.5276299008713385
YAHINALEY,=,3.406540180433955
PIFSDLLKY,=,3.815577748324267
LMWNKQFIK,=,0.4099331233312945
FIKPVSDLY,=,2.920123326290724
VSDLYTSMR,=,3.667452952889954
LLHCVTESY,=,3.91539983521227
LTILDDNLY,=,3.510545010206612
TILDDNLYK,=,1.1702617153949575
IFVDTMSIY,=,2.964259630196849
YIAVANCVR,=,4.143014800254095
ELTTVFIKY,=,3.8254261177678233
LFIDRGSIK,=,4.155336037465061
SIKIKQDVR,=,3.7299742856995555
KIKQDVRDK,=,4.296665190261531
DVRDKRRKY,=,4.891537457672564
YSKLTKDRK,=,3.6857417386022635
EIKAEMQLK,=,3.2227164711475833
YLSDSDNIK,=,3.932980821923198
VTLFYCDER,=,2.436162647040756
EFVMCLEAK,=,2.9845273133437926
FASADNHPK,=,2.2405492482826
YVPSAEDNY,=,4.891537457672564
SAEDNYLAK,=,1.7489628612561614
SITPNNLNK,=,1.404833716619938
NIVTSLAIK,=,2.4638929889859074
VTSLAIKNY,=,2.507855871695831
TSLAIKNYY,=,2.4683473304121573
LAIKNYYRK,=,1.8802417758954804
KTNSTVDVR,=,1.944975908412048
NIVTFINDY,=,4.661812685537261
FIFSALDEK,=,1.813580988568192
LMYALEPRK,=,1.7315887651867388
KSISSIFGY,=,0.5145477526602861
LLSINSSFY,=,2.680335513414563
DSLLITNTK,=,2.82020145948564
TTVNTLSER,=,1.3617278360175928
TLSERISSK,=,0.4638929889859073
EANASAQTK,=,3.4149733479708178
VLSAATETY,=,3.8102325179950842
YSGLTPEQK,=,2.696356388733332
GLTPEQKAY,=,4.750508394851346
QTSVNTVVR,=,2.965201701025912
TVVRDFENY,=,3.0827853703164503
NSSAVVDNK,=,2.290034611362518
SAVVDNKLK,=,2.7058637122839193
EFINTGSSK,=,4.514547752660286
SSKGNCAIK,=,3.3324384599156054
KALMQLTTK,=,1.943988875073772
KATTQIAPK,=,0.6821450763738317
VAGTGVQFY,=,4.423245873936808
IILAALFMY,=,-0.5128616245228135
ILAALFMYY,=,-0.5100415205751654
AALFMYYAK,=,-0.17392519729917355
FTSTNDKIK,=,1.7693773260761385
KIKLILANK,=,2.164352855784437
GFCIPSRSK,=,3.278753600952829
PSRSKMLKR,=,3.7450747915820575
KMLKRGSRK,=,2.27415784926368
KSSSILARR,=,1.7678976160180906
LARRPTPKK,=,2.6344772701607315
NIVTDLENR,=,3.941511432634403
VTDLENRLK,=,1.413299764081252
PVETLFGSY,=,3.342422680822206
YITDDSDDY,=,4.891537457672564
VLDRDGNFR,=,4.193124598354461
CFLVKLKHR,=,4.7619278384205295
YIPGTSVIR,=,4.891537457672564
DTIVSRSSR,=,4.891537457672564
LIVSLCPTK,=,2.0293837776852097
IVSLCPTKK,=,1.7331972651065695
EISSNDNAK,=,2.6464037262230695
IAARILSEK,=,1.130333768495006
AARILSEKR,=,3.783903579272735
HINTLIQYR,=,2.294466226161593
CMLTEFLHY,=,1.9159272116971158
EFLHYCNSY,=,4.4996870826184034
TTLLNETAK,=,1.1172712956557642
TAKVIKLVK,=,2.9934362304976116
KLVKSLVDK,=,1.8656960599160706
DIVNNFITK,=,3.0043213737826426
FITKEIKNR,=,4.891537457672564
LSLSNLDFR,=,2.5428254269591797
VIVVPVIDR,=,2.829303772831025
VVKDDPDHY,=,3.255272505103306
NTMCTEETK,=,1.4456042032735976
TMCTEETKR,=,4.891537457672564
NFFTELENK,=,3.2278867046136734
FFTELENKK,=,3.791690649020118
ELENKKVEY,=,4.690196080028514
VIEDITFLR,=,1.7371926427047373
PVLKAMHDK,=,2.9439888750737717
EIITGNKVK,=,3.0791812460476247
AIFTYTGGY,=,2.450249108319361
VSLSAYIIR,=,3.0453229787866576
IARIENEMK,=,4.235528446907549
QILDNAAKY,=,3.9444826721501687
NMKPNFWSR,=,4.540329474790874
RIGTAATKR,=,3.383815365980431
MLIFNVKSK,=,2.6910814921229687
NQVKFYFNK,=,0.3424226808222063
ACQEAVKLK,=,3.8254261177678233
ACQEAVKLK,=,3.8257505813480277
CCNWLDRCR,=,4.2576785748691846
ENAVWDQCK,>,4.891537457672564
ENAVWDQFK,=,4.17897694729317
ENAVWDQYK,=,3.8221680793680175
EWIEFTNFK,=,3.5171958979499744
FCNLSDAHK,=,4.707570176097937
GNFSWFPHK,=,1.9041743682841634
ICKMPLPTK,=,2.8524799936368566
ICKMPLPTR,=,3.780317312140151
IMAYVNQAH,=,4.429752280002408
ITFFQEVPH,=,2.294466226161593
IYKGVYQFK,=,2.8561244442423
KCHDHYLCR,=,3.514547752660286
LCCSLDHSK,=,4.5843312243675305
LNNSFYYMK,=,2.791690649020118
LNNSFYYMR,=,3.7693773260761385
MTSWLDFSH,=,2.0644579892269186
NGQFIHFYR,=,3.403120521175818
QCKDLCHMH,>,4.891537457672564
QCWRSFLNK,=,3.694605198933569
QNITFDMLK,=,2.8356905714924254
RCHDHYLCR,=,4.409933123331294
SCQGSDDIR,>,4.891537457672564
SCSFKVGHH,>,4.891537457672564
SCSYKIGHH,=,4.811575005870593
SGSCLNNEK,=,2.7450747915820575
SHLGPQFCK,=,2.5403294747908736
SNIQFNISK,=,1.0863598306747482
SRILFAQEK,=,2.888179493918325
STLLMWHMH,=,2.0253058652647704
STLLTWHMH,=,2.41161970596323
SVANGVPVH,=,3.9903388547876015
SYLNVSDFR,=,3.905256048748451
TCITSMAER,=,4.2405492482825995
TCQGSDDIK,=,4.217483944213907
TCQGSDDIR,>,4.891537457672564
TCQGSEDIK,=,4.17897694729317
TGINENYAK,=,3.184691430817599
THLGPQFCK,=,2.4533183400470375
TTSLFLHLV,=,2.8603380065709936
TTSLFLHLV,=,4.186589091272407
TYLGPLNCK,=,1.6794278966121188
TYLGPLSCK,=,1.3283796034387378
TYLGPQFCK,=,1.1238516409670858
VCEEFFHQK,=,2.79309160017658
VCFWSTLFY,=,2.9684829485539352
VCPLGLLLK,=,3.383815365980431
VCSFYADPK,=,3.4955443375464483
VTLDFTKFH,=,2.3180633349627615
VTMFEALPH,=,1.1931245983544616
VVKWKRDEH,=,2.271841606536499
YCNTNYLSK,=,3.9180303367848803
YCSTNHLSK,=,4.173186268412274
YSKFWYLEH,=,4.611723308007342
YTKFWYVNH,=,4.250420002308894
ATVKNVVLR,=,1.7315887651867388
ATVKNVVLR,=,1.7323937598229686
NTSVDLYAR,=,3.3404441148401185
AVSLIAIIK,=,0.5477747053878226
FFTASLFLH,=,2.392696953259666
MALFQPANK,=,1.6812412373755872
FTNDSIISH,=,1.5809249756756194
FTNDSIISH,=,1.5797835966168101
GICSCGAFK,=,1.7371926427047373
VSFLLLAGR,=,1.252853030979893
KTSSVARLR,=,1.8621313793130372
QVYFESFVR,=,1.7387805584843692
LISFYADPK,=,2.089905111439398
MLNNSFYYM,=,2.290034611362518
SIQKNTIFK,=,0.7395723444500919
SIQKNTIFK,=,0.7403626894942439
STYYVHENK,=,0.7745169657285496
STYYVHENK,=,0.7781512503836436
SSQRDTILK,=,0.967547976218862
SSQRDTILK,=,0.9684829485539351
SSIIRSLPK,=,0.3996737214810381
SSIIRSLPK,=,0.3979400086720376
VTSSGVIYK,>,4.84323277809801
YLLVKWYKK,=,2.2764618041732443
VTSSGTIYK,=,-0.22548303427145044
AAGIAWIPY,=,4.471892851370581
AALSSLAKH,=,3.964485913636593
AFLILPQAK,=,4.148806182646374
AFWENKKNL,=,4.9676607471044605
AGLITGGRR,=,3.8163871454023504
AIDFLLQRW,=,5.111722783172441
AIDFLLRRW,=,5.192216084633509
AIGLAWIPY,=,4.788064382652082
AITAASLPK,=,2.565375502714074
AMVTLRKER,=,4.471787345479878
AQHSTTLFK,=,2.9973426906016223
ASLPKTSGH,=,3.416939917541042
ASSRITKGR,=,2.88349109018893
ATAHGSTLA,=,4.634893227792951
ATDVPSATK,=,3.330251389917909
ATEDPSSGY,=,4.695833522599484
ATISTSPQS,=,4.244136044982202
ATQVEQHHR,=,3.7174041871994032
ATSYLEYEI,=,4.910477125278955
ATTAAGPPK,=,2.88218288763027
ATTELRTFS,=,4.045964165549315
ATTTSPQNH,=,3.280008953108186
AVLYYHMMK,=,2.459241664878082
AVSSGKNIK,=,4.742469819914492
CAGDFAFHK,=,3.143295907124072
CPGDYAFHK,=,4.742871965554042
DAASSRITK,=,5.084061253288259
DDDPTDSQD,=,4.89609501582382
DETSSLPPL,=,4.864054000788122
DQEKKILMN,=,5.285525804638448
DRLASTVIY,=,5.0805254764592265
DYHKILTAG,=,4.766924180570202
EAIVNAQPK,=,4.543056823107326
EDDDAASSR,=,4.850703810606641
EESASSGKL,=,5.33119034399223
ENKKNLSEQ,=,4.87717892346411
ETKKNLTRK,=,4.148349653942751
EVKKRDGVK,=,4.822277947206046
EWAFWENKK,=,4.0334358190550095
EYPPWLTEK,=,5.088950734218036
FLILPQAKK,=,3.2234440198096155
FPRCRYVHK,=,3.32296316214142
FTVVSNGAK,=,3.17831493483216
FYWPVMNHK,=,3.655042341331202
GAAIGLAWI,=,4.199286083369935
GEESASSGK,=,5.497620649781288
GEWAFWENK,=,4.418022723093821
GEWAFWETK,=,4.763686995438571
GFRSGVPPK,=,3.5062072830522553
GGQQKNSQK,=,3.2022975561387996
GHGFRFEVK,=,3.500689200780834
GILGSLGLR,=,3.584433000210336
GIRGFPRCR,=,4.624146938043688
GIYIEGLMH,=,3.965164057402598
GIYTEGLMH,=,3.550729643175869
GLICGLRQL,=,5.389828542682981
GLITGGRRT,=,4.99724348936693
GLSLLQLPR,=,3.5471837614500816
GPTTEAPTL,=,5.122284704397089
GRRTRREAI,=,5.472608734830086
GSYGEYQSY,=,3.1097135047929503
GTGPCPGDY,=,5.057802987776452
GTNTTTEDH,=,4.885868166423497
GTSNRTPTV,=,5.106659967572559
GVNNLEHGL,=,5.120254673246359
GVRGFPRCR,=,4.520737615654366
GVRLHPLAR,=,4.0638922893443254
HGEYAPFAR,=,4.790337248092543
HGFRFEVKK,=,1.9370161074648142
HHAYQGDYK,=,4.848251330609781
HLASTDQLK,=,4.139315396738924
HRTIHHASA,=,5.193892286605987
HSFEEMYRH,=,3.516971432469327
HTPQFLFQL,=,5.219002632489227
IALGVATAH,=,4.031650793551264
IIHDFVDKT,=,5.171489501124718
ILFQKAFSM,=,4.738811465203567
ILFQRTFSI,=,4.6313950603585905
ILGSLGLRK,=,2.341038631677523
ILMNFHQKK,=,2.212986184736668
IQNVPGPHR,=,2.9490971251129157
ISDRATRKY,=,4.275182314200724
ISFQQTNAM,=,5.097191344690706
ISNSVAQAR,=,4.6922977578937655
ITAASLPKT,=,3.4626525097283736
ITDKIDQII,=,4.59308216665063
ITGGRRTRR,=,3.9583870717030956
ITKGRISDR,=,5.131390872653947
IYIEGLMHN,=,4.557718883906523
KAALSSLAK,=,2.683587317572767
KACLEKVQR,=,5.273468900135125
KAENTNTSK,=,4.548897742638892
KAIDFLLQR,=,2.8407332346118066
KAIDFLLRR,=,3.4380040914218104
KIDNNTFVR,=,3.4379090355394983
KILMNFHQK,=,2.644143050509919
KILTAGLSV,=,5.200946207360699
KLSSTNQLR,=,3.3909174524973116
KNSPGMVPL,=,4.350953174083254
KPVPNRSTK,=,5.062480448974564
KTERGVRLH,=,4.333693070017306
KVQRQIQVH,=,4.1982996089676865
LDGQQFYWP,=,5.175784249132183
LFLESGAVK,=,4.837283441287628
LGLDDQEKK,=,4.487026604535128
LGLRKRSRR,=,4.818175729044176
LGSLGLRKR,=,4.991019071751364
LHPLARTAK,=,4.186439279482327
LITGGRRTR,=,4.969855575985631
LIWTLDANI,=,5.220513414767525
LLPAVSSGK,=,3.56083881861861
LMRTNFLIK,=,3.600319329751661
LQLPRDKFR,=,5.209375588997464
LQLPRDRFK,=,3.245167068822079
LRTFSILNR,=,4.519485408963113
LSFASLFLP,=,5.254037837952306
LSGVNNLEH,=,3.7038843655610405
LSNTTGRLI,=,4.744533930146128
LSVQQGIVR,=,4.622676057151438
LTYVQLESR,=,3.2132520521963968
MGVTGILQL,=,4.868082253947137
MLCLHHAYQ,=,5.104681680814374
MMVIFRLMR,=,1.6580113966571124
MQISTIGIR,=,3.4077477122261737
MVIFRLMRT,=,5.249056423891135
MVQVHSQGR,=,3.678053790618855
NAMVTLRKE,=,4.612881297232514
NCYNLEIKK,=,4.859496157437736
NISGQSPAR,=,4.677678112792807
NPLPNQDND,=,5.213443376036938
NRSTKGGQQ,=,5.146655073340974
NTIAGVAGL,=,5.158504217861049
NTTGKLIWK,=,3.0161136663589083
NVPGPHRTI,=,4.735228313985467
PENITTAVK,=,5.250944254936929
PLARTAKVK,=,4.68471164296599
PNRSTKGGQ,=,4.667252103628515
PPDGVRGFP,=,4.8006724096224485
PVYRDHSEK,=,3.852327475818993
QAKKDFFSS,=,4.82472834934399
QFYWPVMNH,=,5.05479684401452
QGIVRQRVI,=,5.20274162702903
QIIHDFVDK,=,3.80201390056662
QLNDTIHLH,=,3.7821428365054985
QLPRDKFRK,=,2.859318465097116
QLPRDRFKR,=,4.600670199081022
QLQQYAESR,=,4.272734823062121
QQLSNTTGR,=,4.20118402192258
QRVIPVYQV,=,4.208543468135758
QTNAMVTLR,=,3.079723775139919
QTNTKATGK,=,3.3394514413064407
QVEQHHRRT,=,2.7351995484223135
RFKRTSFFL,=,5.590891968500686
RFSGLLIVK,=,3.1481088577296967
RISDRATRK,=,2.8133808067338557
RKYSDLVPK,=,3.6154660642485195
RLASTVIYR,=,3.0068937079479006
RLMRTNFLI,=,3.596333140301133
RSRRQTNTK,=,3.1660450878512254
RSTKGGQQK,=,3.2581581933407944
RTFSILNRK,=,2.232742062720737
RTFSIPLGV,=,3.2082800785453096
RTNFLIKFL,=,5.770090961816982
RTPTVAPPA,=,4.823016217884243
RTYTILNRK,=,2.212986184736668
SASSGKLGL,=,4.400467184122342
SATKRWGFR,=,5.073883240994906
SETAGNNNT,=,5.56023551144479
SFASLFLPK,=,1.9111576087399766
SGYYSTTIR,=,2.955495329184127
SIPLGVIHN,=,5.1982858539363495
SLLQLPRDK,=,3.706196999420264
SLPKTSGHY,=,5.020469014098839
SMPLGVVTN,=,5.2128691514724235
SQGPFDAVL,=,4.74220335046942
SQKGQHIEG,=,5.2703084218028895
SQNSTEGRR,=,4.349673749686243
SRFTPQFLL,=,4.65723661183627
SSGYYSTTI,=,4.5293174025806335
SSYYATSYL,=,3.4309131510046025
STDIPSATK,=,3.167937312700578
STHNTPVYK,=,2.6432552250247716
STSPRMLTP,=,4.644227792242771
STTLFKIDN,=,5.165748681559414
SVQQGIVRQ,=,5.1735242453235655
TESDMDYHK,=,5.239922313718372
TFLQSPPIR,=,5.077149794716969
TFSILNRKA,=,4.82279486842688
THNTPVYKL,=,4.79492699894957
TIHHASAPL,=,4.929251817926695
TISTSPQSL,=,5.174861915027574
TLQVSDVDK,=,4.622001487989202
TLRKERLAK,=,3.6279595327074863
TNAMVTLRK,=,2.4933186082321015
TNTTTEDHK,=,5.042937601638255
TPVYKLDIS,=,4.818101131535444
TQALQLFLR,=,3.4024505388513644
TQVEQHHRR,=,3.2220658425885866
TSPQSLTTK,=,3.245167068822079
TTAAGPPKA,=,4.608713189142212
TVAPPAPVY,=,2.440594261839831
TVLDHILQK,=,2.831805808674391
TYTILNRKA,=,4.954064412189313
VAGLITGGR,=,4.416572279474427
VAPPAPVYR,=,3.757798248205117
VGEKACLEK,=,4.74512712247637
VGHMMVIFR,=,2.2915908256580013
VIAFLILAK,=,2.751510050270041
VIFRLMRTN,=,4.95691435327268
VIYRGTTFA,=,4.580256491469543
VIYRGVNFA,=,4.399214961185639
VKNEVNSFK,=,4.592292257703714
VLDHILQKT,=,4.740135217549502
VLYYHMMKD,=,4.098989639401177
VQQGIVRQR,=,3.9225645783907894
VSSGKNIKR,=,3.6345477995001123
VTGILQLPR,=,2.5561818466529114
VTLDGQQFY,=,3.692291583594431
VVAFLILPQ,=,6.093446201094238
VVFSTSDGK,=,3.0141003215196207
VYRDHSEKK,=,4.521518578704925
WPVMNHKNK,=,5.266758365102712
YKLDISEAT,=,5.144290811955439
YQGDYKLFL,=,4.778112886009957
AADEPPLVR,=,5.151054052102001
AFYTRVLKP,=,4.384062950925739
AIITPIVFY,=,2.973589623427257
AMEKSSKYY,=,5.290157087406476
ANCSSISIK,=,3.4442478357960753
ANGSLFTEQ,=,5.018521585738907
ANNNRLPKR,=,4.0664377464539925
ASLTPKAQR,=,2.462098381135156
ATLEDDRER,=,4.693792879315986
AVARKHHTK,=,2.673113104238234
AVDRGCLRI,=,4.072025521597817
AVIRANNNR,=,3.3344135368371
CKQHFKPPK,=,5.298169452349057
CRDCKQHFK,=,4.084633465211881
DIIIAVARK,=,5.2468382021545485
DLIEWAMEK,=,5.110444921339114
DRSDGYFLK,=,4.502593704153639
EGGKVFAPK,=,3.426153268215979
EIFSAWISH,=,4.354093065619305
EKSSKYYIK,=,4.897496783398709
ETLGYCMIR,=,4.4012764389141745
EYKTLCDMI,=,5.875675789396271
EYRFLVINR,=,5.690543376713877
FGGFSTLDK,=,4.890274552465744
FGIKCIKKG,=,5.461747566919992
FTEQAFYTR,=,4.246850502291966
FYRSGTETK,=,4.644592190281942
FYTRVLKPS,=,5.2521537151178945
GGKVFAPKQ,=,5.387736767329419
GKVFAPKQK,=,5.076826062158546
GTEKEFLRY,=,4.059870004106619
GVVVSTNRL,=,4.903299483542482
GYCMIRWLG,=,4.986771734266245
HIPGDTLFK,=,2.8662873390841948
IFSAWISHR,=,4.849127533728745
IHIPGDTLF,=,5.18216062145972
IIIAVARKH,=,4.162624140307846
IITPIVFYR,=,2.419790586106363
ILNTIQFMH,=,3.4279240776843207
INNQLLLQK,=,3.386855529184724
IPLASLTPK,=,3.8234285802041224
IQFMHEQGY,=,5.034668555834241
IRANNNRLP,=,5.317453223973452
ISKSMRDQR,=,4.367367104430917
ITCKAFGLY,=,3.4500334475925287
ITFALKKLI,=,4.761175813155732
KAFGLYKSI,=,4.402204619466512
KDESIFINK,=,4.916980047320382
KGVEYNIDK,=,4.500029160918519
KHVGLITCK,=,4.902828245709116
KITFALKKL,=,4.285672055601907
KLLLWFNYL,=,5.145932559175869
KLYKNKSKQ,=,6.133538908370218
KQKMFSNNV,=,5.064075941602439
KSINVEYRF,=,5.230903415348101
KSMRDQRKG,=,4.675122740427303
KTFKDESIF,=,4.785329835010767
KTLCDMIKG,=,5.50727147399042
KVFAPKQKM,=,4.0633971658994295
KVFLPNPAF,=,4.607933020165686
LDAVIRANN,=,5.227914971381931
LEGETKLYK,=,4.471291711058939
LEYKTLCDM,=,4.651557113606959
LFGIKCIKK,=,3.9120200121082536
LGGILPWTK,=,2.7289216463728594
LIIDEVHEH,=,4.840055884099814
LLFGIKCIK,=,2.8658735282078145
LLQKYPPPR,=,3.8894753855647752
LNTIQFMHE,=,5.167842897007849
LPRIALVRL,=,4.9552426470009845
LRYLLFGIK,=,5.105949366461902
LSLTKLFSY,=,3.6156870819348312
LSYRNKPSI,=,6.416509034320976
LTGGTGVGK,=,2.9993045723383487
LVDYGLVSK,=,3.1231653709029192
LVRSETKQK,=,3.8465597701618055
NNIGIEYSK,=,5.238322156375554
NPGTYVYFY,=,4.5881248624656115
NQVCIDILR,=,5.310988404892871
NVTTQSIHE,=,5.169386376036954
PSVIEEWKK,=,5.028599716753869
PYEGGKVFA,=,5.0717752607988125
QAFYTRVLK,=,2.4924810101288766
QGYSHGDIK,=,3.253604510553344
QKFPYEGGK,=,5.1447360649933325
RANNNRLPK,=,2.851074805228887
RNKLSYRNK,=,4.956050713031663
RPVILSLPR,=,5.0851549515468
RVNPGTYVY,=,2.8457180179666586
SAGESSILR,=,3.149773177559665
SGTEKEFLR,=,5.614442655604589
SIATNLEYK,=,2.630529571426824
SKSMRDQRK,=,4.323617125459498
SLFTEQAFY,=,3.894642768523959
SLMEMDYER,=,3.278913574715962
SLPRIALVR,=,2.6108730003800518
SQMTSTFIM,=,3.2011238972073794
STHKLSLTK,=,2.284881714655453
TCKAFGLYK,=,3.0567905482743827
THKLSLTKL,=,4.664186761897703
TITEKTFKD,=,4.561718978765546
TKITFALKK,=,4.04399459044455
TKLYKNKSK,=,4.759575688953125
TTPMMIQTR,=,4.663357876290801
TTQSIHENK,=,3.7809290706364975
VARKHHTKI,=,4.848380041386118
VGKTSQVPK,=,3.1905277868873534
VGVVVSTNR,=,4.332684826891548
VLDQIDKNK,=,4.852469624122343
VLKPSVIEE,=,5.409723529900968
VLTGGTGVG,=,4.906576907721364
VPFIRNPNK,=,4.674101149438464
VSYNDYFNV,=,4.155736739768041
VTLNASQYA,=,5.3560258571931225
VYGNIKHKE,=,4.839352328895421
WAMEKSSKY,=,5.115144351793107
YIKNIGNTK,=,4.4837655421927805
YKTLCDMIK,=,5.361629636598723
ISEYRHYCY,=,2.220108088040055
AMFQDPQER,=,1.0791812460476249
IVYRDGNPY,=,1.3222192947339193
TTLEQQYNK,=,0.7781512503836436
IVCPICSQK,=,2.8536982117761744
IILECVYCK,=,2.0969100130080562
QQLLRREVY,=,3.0755469613925306
SSKMFNYFK,=,1.7427251313046983
YQSMIRPPY,=,3.595881845162044
LPADPASVL,>,4.301029995663981
FQILHDRFF,>,4.301029995663981
FPHTELANL,>,4.301029995663981
RPPYSSYGY,>,4.301029995663981
TEAEKWPFF,>,4.301029995663981
KSFKDILPK,=,1.7323937598229686
AMLTAFFLR,=,0.5563025007672873
RSFKDLLKK,=,1.146128035678238
STFWPCLLR,=,1.0
STFWPCLLR,=,0.9684829485539351
SSAYVFSVK,=,1.0
SSAYVFSVK,=,0.9684829485539351
HQLDPAFRA,=,4.166548514738755
KVGAGAFGL,>,4.845098040014257
GLLGWSPQA,>,4.845098040014257
TLPANPPPA,>,4.845098040014257
RVRGLYFPA,>,4.845098040014257
LVLQAGFFL,=,3.9085922388475693
VLQAGFFLL,=,4.418632687354066
LQAGFFLLT,=,4.691399799098994
FLLTRILTI,>,4.845098040014257
RILTIPQSL,>,4.845098040014257
SLDSWWTSL,>,4.845098040014257
FLGGTTVCL,>,4.845098040014257
CLRRFIIFL,>,4.845098040014257
FIIFLFILL,=,3.953373050726696
IIFLFILLL,=,3.717087724927019
FLFILLLCL,=,4.278776457955645
ILLLCLIFL,=,4.139658736208178
LLLCLIFLL,=,4.082138831393448
LLCLIFLLV,=,3.8000981801747757
CLIFLLVLL,=,4.553215301402138
VLLDYQGML,=,4.546517986954251
GMLPVCPLI,>,4.845098040014257
SMYPSCCCT,>,4.845098040014257
LVPFVQWFV,=,4.843681172119386
MMWYWGPSL,>,4.845098040014257
SILSPFLPL,=,4.736826599365048
SILSPFLPL,=,3.1760912590556813
ILSPFLPLL,>,4.845098040014257
ILSPFLPLL,=,3.728272597895017
PLLPIFFCL,>,4.845098040014257
GLYSSTVPV,>,4.845098040014257
NLSWLSLDV,>,4.845098040014257
GLSRYVARV,>,4.845098040014257
KLHLYSHPI,>,4.845098040014257
HLYSHPIIL,>,4.845098040014257
FLLAQFTSA,=,3.3042750504771283
LLAQFTSAI,>,4.845098040014257
YMDDVVLGA,>,4.845098040014257
FLLSLGIHL,=,4.827149485120868
ALMPLYACI,>,4.845098040014257
FLCKQYLNL,>,4.845098040014257
KQYLNLYPV,=,4.482516286606368
SLYADSPSV,>,4.845098040014257
LLWFHISCL,=,4.511214701136388
YLVSFGVWI,>,4.845098040014257
VSTVSQLAK,=,2.3944516808262164
ILARWSSFK,=,1.4785664955938433
SSMLNIMNR,=,1.0170333392987803
AIGTSITQK,=,1.7846172926328754
VTNPAVLRK,=,1.2174839442139063
MVLLTMKEK,=,2.5634810853944106
RQDLLVTFK,=,2.294466226161593
VTFKTAHAK,=,1.9527924430440922
TTIFAGHLK,=,1.4871383754771865
YVMCTGSFK,=,1.813580988568192
CTGSFKLEK,=,1.5998830720736879
KALKLSWFK,=,1.187520720836463
ALKLSWFKK,=,2.534026106056135
MSAAIKDSK,=,3.0492180226701815
CTLPPLRFK,=,2.3242824552976926
LAMGIMMLK,=,1.5145477526602862
TLLSLTFIK,=,1.089905111439398
TMFLITENK,=,1.734799829588847
SILLSSLLK,=,1.2855573090077739
AVLDDGIYR,=,2.037426497940624
VQTAPGTFK,=,2.110589710299249
VTLFFLSGK,=,1.0934216851622351
ATMLDVDLR,=,1.6180480967120927
TTIITPMMR,=,2.3324384599156054
VVYDAKFEK,=,1.6273658565927327
AGLAFSLMK,=,1.0492180226701815
MTSRMLLNR,=,1.606381365110605
ALLATSIFK,=,1.3692158574101427
TVMDVISRR,=,1.4800069429571505
RSTPFNMLK,=,1.14921911265538
VSTVQQLTK,=,2.7810369386211318
MLQGRGPLK,=,2.093421685162235
ITYKCPLLR,=,1.8055008581584002
TIMAAILAY,=,2.214843848047698
AVAPSMTMR,=,1.515873843711679
VTCAMFTCK,=,2.9708116108725178
MVLLQMEDK,=,3.303196057420489
VTFKNPHAK,=,2.1367205671564067
MSYSMCTGK,=,1.534026106056135
YSMCTGKFK,=,2.7403626894942437
CTGKFKIVK,=,1.9925535178321356
TVNPIVTEK,=,0.7730546933642626
GQLKLNWFK,=,1.4487063199050798
TTNIWLKLK,=,1.6646419755561255
LALGMMVLK,=,1.1271047983648077
AVILQNAWK,=,2.1072099696478683
AIFLTTLSR,=,1.8175653695597809
LTTLSRTSK,=,2.330413773349191
TTLSRTSKK,=,2.1986570869544226
SILASSLLK,=,1.0413926851582251
SQIGAGVYK,=,1.5185139398778875
TSGSPIIDK,=,1.841359470454855
KTFDSEYVK,=,2.146128035678238
SMFEPEREK,=,3.0569048513364727
KTFVDLMRR,=,1.9289076902439528
TTFVTPMLR,=,1.8987251815894934
ATVLMGLGK,=,1.2041199826559248
KSEFQIYKK,=,2.387389826338729
STYGWNLVR,=,1.3424226808222062
MISRMLINR,=,2.41161970596323
MLINRFTMK,=,2.0644579892269186
KITAEWLWK,=,3.1583624920952498
TVMDIISRR,=,1.8512583487190752
LTALNDMGK,=,3.161368002234975
RTTWSIHAK,=,1.919078092376074
LTSRATWAK,=,1.651278013998144
VLARWGTFK,=,1.7185016888672742
KSGAIKVLK,=,2.1760912590556813
SNMLSIINK,=,2.0644579892269186
ATQLATLRK,=,1.8312296938670634
MILLTMKNK,=,3.0791812460476247
VTFKNAHAK,=,1.7664128471123994
TSIFAGHLK,=,1.5921767573958667
CTNTFVLKK,=,1.890979596989689
TILIKVEYK,=,3.0969100130080562
ITANPVVTK,=,1.3483048630481607
TANPVVTKK,=,2.3891660843645326
KALKINWYK,=,1.9122220565324155
EVMRGKFGK,=,2.929418925714293
LALGFFLRK,=,0.9813655090785445
IALGLMALK,=,1.6304278750250238
SILASSLLR,=,2.0969100130080562
TSADLTVEK,=,2.2671717284030137
QVIAVEPGK,=,2.8926510338773004
AMLFLISGK,=,2.3242824552976926
AVVLMGLDK,=,3.392696953259666
VIYDSKFEK,=,1.6190933306267428
AGLAFSIMK,=,1.1398790864012365
STYGWNIVK,=,1.3222192947339193
MVSRLLLNR,=,1.69810054562339
SSMINGVVK,=,1.110589710299249
AVEDEEFWK,=,2.972665592266111
RQLANAIFK,=,1.9503648543761232
LTYQNKVVK,=,1.8481891169913987
TVMDIISRK,=,1.3283796034387378
SQGAGWSLK,=,1.8904210188009143
VSTPQGLVK,=,3.8382192219076257
TSEVHWNYK,=,1.9289076902439528
VTFKVPHAK,=,1.7259116322950483
MSYTMCSGK,=,1.4281347940287887
ALTLHWFRK,=,2.0
MSAAIKDQK,=,2.681241237375587
TVGPWHLGK,=,1.3891660843645324
YVLGVFLRK,=,0.5428254269591799
ISLGLILLK,=,0.08278537031645007
PVYLMTLMK,=,2.292256071356476
MTLMKGASK,=,2.155336037465062
SLLGSALLK,=,1.3283796034387378
GSSPIIEVK,=,1.0569048513364727
IMQRGLFGK,=,2.514547752660286
KTFDTEYPK,=,2.100370545117563
YVFSGDPLK,=,2.2013971243204513
VASAGISYK,=,1.57287160220048
TTILTPMLR,=,2.5877109650189114
ISYDPKFEK,=,2.0043213737826426
AVSTANIFR,=,1.9576072870600953
RTEAKSALK,=,2.247973266361807
WSYYMATLK,=,1.2068258760318498
HSGVDVFYK,=,2.230448921378274
MVEPWLSSK,=,2.8115750058705933
VSSVNTTSK,=,3.143014800254095
TTSKMLLNR,=,2.250420002308894
KILAKAIFK,=,1.8992731873176039
AVMDIISRK,=,2.0293837776852097
LSSRATWAK,=,1.7520484478194385
ILARWGSFK,=,1.890979596989689
LAMGIMILK,=,0.9786369483844743
TMFLIAENK,=,2.12057393120585
MVLLQMENK,=,2.3560258571931225
VQTKPGIFK,=,2.6384892569546374
TTFITPMLR,=,1.9263424466256551
CLNTFVLKK,=,1.8948696567452525
YVLGIFLRK,=,0.9947569445876282
SQLAKRFSK,=,1.69810054562339
VMAFIAFLR,=,2.2329961103921536
GSCVTTMAK,=,2.060697840353612
TAGPWHLGK,=,1.8202014594856402
SSADLSLEK,=,1.816241299991783
TVWFVPSIK,=,2.2068258760318495
KTFDTEYQK,=,1.6618126855372612
VIDPRRCLK,=,3.1760912590556813
KTFVELMRR,=,2.436162647040756
AVSMANIFR,=,1.9380190974762104
ATYGWNLVK,=,1.4771212547196624
SSMVNGVVK,=,1.8656960599160706
VQTKPGLFK,=,2.0086001717619175
VSTGSQLAK,=,2.5211380837040362
RSADLELEK,=,2.100370545117563
VSWSGRELK,=,2.0492180226701815
VMLFFLSGK,=,2.3710678622717363
VSTGPQLAK,=,2.214843848047698
AINSEMFLR,=,2.3201462861110542
AINSEMFLL,=,3.450864692379766
PLALEGSLQ,=,4.5690460164459
KSYETEYPK,=,3.896801697664922
AVVVNPSVK,=,3.3529539117100877
GTLTSAINR,=,3.0538464268522527
RVLSLIGLK,=,2.5232260419657013
KNMEKPGLK,=,4.386195656120567
TLARSICEK,=,2.4409090820652177
ASNAPSAAK,=,1.146128035678238
ASNASSAAK,=,1.255272505103306
CILGELFTK,=,1.4471580313422192
CILGKLFTK,=,1.2304489213782739
ETLTSVFQK,=,1.0413926851582251
KTLTSVFQK,=,1.0791812460476249
RFKMFPEVK,=,4.262356151598692
MFPEVKEKG,>,4.6020599913279625
ALYLVCGER,=,4.452415170075869
KIYRRQIFK,=,0.3592661646067485
FISNTVFRK,=,0.2586372827240765
KVFEHVGSR,=,0.4671639659690903
KLGGGQYGE,=,3.3581252852766488
KLGGGQYGK,=,3.0310042813635367
EVYEGVWKK,=,1.7993405494535817
KVYEGVWKK,=,1.591064607026499
VKIPVAIKT,>,4.301029995663981
KIPVAIKTS,>,4.301029995663981
IPVAIKTSP,>,4.301029995663981
PVAIKTSPK,=,2.893206753059848
VAIKTSPKA,>,4.301029995663981
AIKTSPKAN,>,4.301029995663981
IKTSPKANK,>,4.301029995663981
KTSPKANKE,>,4.301029995663981
HVKITDFGL,>,4.698970004336019
FGLAKLLGA,>,4.698970004336019
HVKITDFGR,=,4.205025627448677
FGRAKLLGA,>,4.698970004336019
KITDFGLAK,=,2.123851640967086
KITDFGRAK,=,2.346352974450639
KITDFGEAK,=,2.444044795918076
KITDFGDAK,=,2.8407332346118066
KITDFGKAK,=,2.5538830266438746
KITDFGIAK,=,1.8750612633917
KITDFGAAK,=,1.568201724066995
KITDFGFAK,=,1.3424226808222062
KITDFGSAK,=,1.845098040014257
KITDFGNAK,=,2.173186268412274
KYFNINYYK,=,2.3010299956639813
AVEEVSLRK,=,1.7062909572587635
